date,season,year,month,day,workingday,weather,casual,registered,total
2011-01-01,Spring,2011,Jan,Sat,Weekend/Holiday,Cloudy,331,654,985
2011-01-02,Spring,2011,Jan,Sun,Weekend/Holiday,Cloudy,131,670,801
2011-01-03,Spring,2011,Jan,Mon,Working Day,Clear,120,1229,1349
2011-01-04,Spring,2011,Jan,Tue,Working Day,Clear,108,1454,1562
2011-01-05,Spring,2011,Jan,Wed,Working Day,Clear,82,1518,1600
2011-01-06,Spring,2011,Jan,Thu,Working Day,Clear,88,1518,1606
2011-01-07,Spring,2011,Jan,Fri,Working Day,Cloudy,148,1362,1510
2011-01-08,Spring,2011,Jan,Sat,Weekend/Holiday,Cloudy,68,891,959
2011-01-09,Spring,2011,Jan,Sun,Weekend/Holiday,Clear,54,768,822
2011-01-10,Spring,2011,Jan,Mon,Working Day,Clear,41,1280,1321
2011-01-11,Spring,2011,Jan,Tue,Working Day,Cloudy,43,1220,1263
2011-01-12,Spring,2011,Jan,Wed,Working Day,Clear,25,1137,1162
2011-01-13,Spring,2011,Jan,Thu,Working Day,Clear,38,1368,1406
2011-01-14,Spring,2011,Jan,Fri,Working Day,Clear,54,1367,1421
2011-01-15,Spring,2011,Jan,Sat,Weekend/Holiday,Cloudy,222,1026,1248
2011-01-16,Spring,2011,Jan,Sun,Weekend/Holiday,Clear,251,953,1204
2011-01-17,Spring,2011,Jan,Mon,Weekend/Holiday,Cloudy,117,883,1000
2011-01-18,Spring,2011,Jan,Tue,Working Day,Cloudy,9,674,683
2011-01-19,Spring,2011,Jan,Wed,Working Day,Cloudy,78,1572,1650
2011-01-20,Spring,2011,Jan,Thu,Working Day,Cloudy,83,1844,1927
2011-01-21,Spring,2011,Jan,Fri,Working Day,Clear,75,1468,1543
2011-01-22,Spring,2011,Jan,Sat,Weekend/Holiday,Clear,93,888,981
2011-01-23,Spring,2011,Jan,Sun,Weekend/Holiday,Clear,150,836,986
2011-01-24,Spring,2011,Jan,Mon,Working Day,Clear,86,1330,1416
2011-01-25,Spring,2011,Jan,Tue,Working Day,Cloudy,186,1799,1985
2011-01-26,Spring,2011,Jan,Wed,Working Day,Light Snow/Rain,34,472,506
2011-01-27,Spring,2011,Jan,Thu,Working Day,Clear,15,416,431
2011-01-28,Spring,2011,Jan,Fri,Working Day,Cloudy,38,1129,1167
2011-01-29,Spring,2011,Jan,Sat,Weekend/Holiday,Clear,123,975,1098
2011-01-30,Spring,2011,Jan,Sun,Weekend/Holiday,Clear,140,956,1096
2011-01-31,Spring,2011,Jan,Mon,Working Day,Cloudy,42,1459,1501
2011-02-01,Spring,2011,Feb,Tue,Working Day,Cloudy,47,1313,1360
2011-02-02,Spring,2011,Feb,Wed,Working Day,Cloudy,72,1454,1526
2011-02-03,Spring,2011,Feb,Thu,Working Day,Clear,61,1489,1550
2011-02-04,Spring,2011,Feb,Fri,Working Day,Cloudy,88,1620,1708
2011-02-05,Spring,2011,Feb,Sat,Weekend/Holiday,Cloudy,100,905,1005
2011-02-06,Spring,2011,Feb,Sun,Weekend/Holiday,Clear,354,1269,1623
2011-02-07,Spring,2011,Feb,Mon,Working Day,Clear,120,1592,1712
2011-02-08,Spring,2011,Feb,Tue,Working Day,Clear,64,1466,1530
2011-02-09,Spring,2011,Feb,Wed,Working Day,Cloudy,53,1552,1605
2011-02-10,Spring,2011,Feb,Thu,Working Day,Clear,47,1491,1538
2011-02-11,Spring,2011,Feb,Fri,Working Day,Clear,149,1597,1746
2011-02-12,Spring,2011,Feb,Sat,Weekend/Holiday,Clear,288,1184,1472
2011-02-13,Spring,2011,Feb,Sun,Weekend/Holiday,Clear,397,1192,1589
2011-02-14,Spring,2011,Feb,Mon,Working Day,Clear,208,1705,1913
2011-02-15,Spring,2011,Feb,Tue,Working Day,Clear,140,1675,1815
2011-02-16,Spring,2011,Feb,Wed,Working Day,Clear,218,1897,2115
2011-02-17,Spring,2011,Feb,Thu,Working Day,Clear,259,2216,2475
2011-02-18,Spring,2011,Feb,Fri,Working Day,Clear,579,2348,2927
2011-02-19,Spring,2011,Feb,Sat,Weekend/Holiday,Clear,532,1103,1635
2011-02-20,Spring,2011,Feb,Sun,Weekend/Holiday,Clear,639,1173,1812
2011-02-21,Spring,2011,Feb,Mon,Weekend/Holiday,Cloudy,195,912,1107
2011-02-22,Spring,2011,Feb,Tue,Working Day,Clear,74,1376,1450
2011-02-23,Spring,2011,Feb,Wed,Working Day,Clear,139,1778,1917
2011-02-24,Spring,2011,Feb,Thu,Working Day,Cloudy,100,1707,1807
2011-02-25,Spring,2011,Feb,Fri,Working Day,Cloudy,120,1341,1461
2011-02-26,Spring,2011,Feb,Sat,Weekend/Holiday,Clear,424,1545,1969
2011-02-27,Spring,2011,Feb,Sun,Weekend/Holiday,Clear,694,1708,2402
2011-02-28,Spring,2011,Feb,Mon,Working Day,Cloudy,81,1365,1446
2011-03-01,Spring,2011,Mar,Tue,Working Day,Clear,137,1714,1851
2011-03-02,Spring,2011,Mar,Wed,Working Day,Clear,231,1903,2134
2011-03-03,Spring,2011,Mar,Thu,Working Day,Clear,123,1562,1685
2011-03-04,Spring,2011,Mar,Fri,Working Day,Cloudy,214,1730,1944
2011-03-05,Spring,2011,Mar,Sat,Weekend/Holiday,Cloudy,640,1437,2077
2011-03-06,Spring,2011,Mar,Sun,Weekend/Holiday,Cloudy,114,491,605
2011-03-07,Spring,2011,Mar,Mon,Working Day,Clear,244,1628,1872
2011-03-08,Spring,2011,Mar,Tue,Working Day,Clear,316,1817,2133
2011-03-09,Spring,2011,Mar,Wed,Working Day,Cloudy,191,1700,1891
2011-03-10,Spring,2011,Mar,Thu,Working Day,Light Snow/Rain,46,577,623
2011-03-11,Spring,2011,Mar,Fri,Working Day,Cloudy,247,1730,1977
2011-03-12,Spring,2011,Mar,Sat,Weekend/Holiday,Clear,724,1408,2132
2011-03-13,Spring,2011,Mar,Sun,Weekend/Holiday,Clear,982,1435,2417
2011-03-14,Spring,2011,Mar,Mon,Working Day,Clear,359,1687,2046
2011-03-15,Spring,2011,Mar,Tue,Working Day,Cloudy,289,1767,2056
2011-03-16,Spring,2011,Mar,Wed,Working Day,Cloudy,321,1871,2192
2011-03-17,Spring,2011,Mar,Thu,Working Day,Clear,424,2320,2744
2011-03-18,Spring,2011,Mar,Fri,Working Day,Clear,884,2355,3239
2011-03-19,Spring,2011,Mar,Sat,Weekend/Holiday,Clear,1424,1693,3117
2011-03-20,Spring,2011,Mar,Sun,Weekend/Holiday,Clear,1047,1424,2471
2011-03-21,Summer,2011,Mar,Mon,Working Day,Cloudy,401,1676,2077
2011-03-22,Summer,2011,Mar,Tue,Working Day,Clear,460,2243,2703
2011-03-23,Summer,2011,Mar,Wed,Working Day,Cloudy,203,1918,2121
2011-03-24,Summer,2011,Mar,Thu,Working Day,Cloudy,166,1699,1865
2011-03-25,Summer,2011,Mar,Fri,Working Day,Clear,300,1910,2210
2011-03-26,Summer,2011,Mar,Sat,Weekend/Holiday,Clear,981,1515,2496
2011-03-27,Summer,2011,Mar,Sun,Weekend/Holiday,Cloudy,472,1221,1693
2011-03-28,Summer,2011,Mar,Mon,Working Day,Clear,222,1806,2028
2011-03-29,Summer,2011,Mar,Tue,Working Day,Clear,317,2108,2425
2011-03-30,Summer,2011,Mar,Wed,Working Day,Cloudy,168,1368,1536
2011-03-31,Summer,2011,Mar,Thu,Working Day,Light Snow/Rain,179,1506,1685
2011-04-01,Summer,2011,Apr,Fri,Working Day,Cloudy,307,1920,2227
2011-04-02,Summer,2011,Apr,Sat,Weekend/Holiday,Cloudy,898,1354,2252
2011-04-03,Summer,2011,Apr,Sun,Weekend/Holiday,Clear,1651,1598,3249
2011-04-04,Summer,2011,Apr,Mon,Working Day,Clear,734,2381,3115
2011-04-05,Summer,2011,Apr,Tue,Working Day,Cloudy,167,1628,1795
2011-04-06,Summer,2011,Apr,Wed,Working Day,Clear,413,2395,2808
2011-04-07,Summer,2011,Apr,Thu,Working Day,Clear,571,2570,3141
2011-04-08,Summer,2011,Apr,Fri,Working Day,Cloudy,172,1299,1471
2011-04-09,Summer,2011,Apr,Sat,Weekend/Holiday,Cloudy,879,1576,2455
2011-04-10,Summer,2011,Apr,Sun,Weekend/Holiday,Cloudy,1188,1707,2895
2011-04-11,Summer,2011,Apr,Mon,Working Day,Cloudy,855,2493,3348
2011-04-12,Summer,2011,Apr,Tue,Working Day,Cloudy,257,1777,2034
2011-04-13,Summer,2011,Apr,Wed,Working Day,Cloudy,209,1953,2162
2011-04-14,Summer,2011,Apr,Thu,Working Day,Clear,529,2738,3267
2011-04-15,Summer,2011,Apr,Fri,Weekend/Holiday,Clear,642,2484,3126
2011-04-16,Summer,2011,Apr,Sat,Weekend/Holiday,Light Snow/Rain,121,674,795
2011-04-17,Summer,2011,Apr,Sun,Weekend/Holiday,Clear,1558,2186,3744
2011-04-18,Summer,2011,Apr,Mon,Working Day,Clear,669,2760,3429
2011-04-19,Summer,2011,Apr,Tue,Working Day,Cloudy,409,2795,3204
2011-04-20,Summer,2011,Apr,Wed,Working Day,Clear,613,3331,3944
2011-04-21,Summer,2011,Apr,Thu,Working Day,Clear,745,3444,4189
2011-04-22,Summer,2011,Apr,Fri,Working Day,Cloudy,177,1506,1683
2011-04-23,Summer,2011,Apr,Sat,Weekend/Holiday,Cloudy,1462,2574,4036
2011-04-24,Summer,2011,Apr,Sun,Weekend/Holiday,Cloudy,1710,2481,4191
2011-04-25,Summer,2011,Apr,Mon,Working Day,Clear,773,3300,4073
2011-04-26,Summer,2011,Apr,Tue,Working Day,Clear,678,3722,4400
2011-04-27,Summer,2011,Apr,Wed,Working Day,Cloudy,547,3325,3872
2011-04-28,Summer,2011,Apr,Thu,Working Day,Cloudy,569,3489,4058
2011-04-29,Summer,2011,Apr,Fri,Working Day,Clear,878,3717,4595
2011-04-30,Summer,2011,Apr,Sat,Weekend/Holiday,Clear,1965,3347,5312
2011-05-01,Summer,2011,May,Sun,Weekend/Holiday,Cloudy,1138,2213,3351
2011-05-02,Summer,2011,May,Mon,Working Day,Cloudy,847,3554,4401
2011-05-03,Summer,2011,May,Tue,Working Day,Cloudy,603,3848,4451
2011-05-04,Summer,2011,May,Wed,Working Day,Cloudy,255,2378,2633
2011-05-05,Summer,2011,May,Thu,Working Day,Clear,614,3819,4433
2011-05-06,Summer,2011,May,Fri,Working Day,Clear,894,3714,4608
2011-05-07,Summer,2011,May,Sat,Weekend/Holiday,Clear,1612,3102,4714
2011-05-08,Summer,2011,May,Sun,Weekend/Holiday,Clear,1401,2932,4333
2011-05-09,Summer,2011,May,Mon,Working Day,Clear,664,3698,4362
2011-05-10,Summer,2011,May,Tue,Working Day,Clear,694,4109,4803
2011-05-11,Summer,2011,May,Wed,Working Day,Clear,550,3632,4182
2011-05-12,Summer,2011,May,Thu,Working Day,Clear,695,4169,4864
2011-05-13,Summer,2011,May,Fri,Working Day,Cloudy,692,3413,4105
2011-05-14,Summer,2011,May,Sat,Weekend/Holiday,Cloudy,902,2507,3409
2011-05-15,Summer,2011,May,Sun,Weekend/Holiday,Cloudy,1582,2971,4553
2011-05-16,Summer,2011,May,Mon,Working Day,Clear,773,3185,3958
2011-05-17,Summer,2011,May,Tue,Working Day,Cloudy,678,3445,4123
2011-05-18,Summer,2011,May,Wed,Working Day,Cloudy,536,3319,3855
2011-05-19,Summer,2011,May,Thu,Working Day,Cloudy,735,3840,4575
2011-05-20,Summer,2011,May,Fri,Working Day,Clear,909,4008,4917
2011-05-21,Summer,2011,May,Sat,Weekend/Holiday,Clear,2258,3547,5805
2011-05-22,Summer,2011,May,Sun,Weekend/Holiday,Clear,1576,3084,4660
2011-05-23,Summer,2011,May,Mon,Working Day,Cloudy,836,3438,4274
2011-05-24,Summer,2011,May,Tue,Working Day,Cloudy,659,3833,4492
2011-05-25,Summer,2011,May,Wed,Working Day,Clear,740,4238,4978
2011-05-26,Summer,2011,May,Thu,Working Day,Clear,758,3919,4677
2011-05-27,Summer,2011,May,Fri,Working Day,Clear,871,3808,4679
2011-05-28,Summer,2011,May,Sat,Weekend/Holiday,Clear,2001,2757,4758
2011-05-29,Summer,2011,May,Sun,Weekend/Holiday,Clear,2355,2433,4788
2011-05-30,Summer,2011,May,Mon,Weekend/Holiday,Clear,1549,2549,4098
2011-05-31,Summer,2011,May,Tue,Working Day,Clear,673,3309,3982
2011-06-01,Summer,2011,Jun,Wed,Working Day,Cloudy,513,3461,3974
2011-06-02,Summer,2011,Jun,Thu,Working Day,Clear,736,4232,4968
2011-06-03,Summer,2011,Jun,Fri,Working Day,Clear,898,4414,5312
2011-06-04,Summer,2011,Jun,Sat,Weekend/Holiday,Clear,1869,3473,5342
2011-06-05,Summer,2011,Jun,Sun,Weekend/Holiday,Cloudy,1685,3221,4906
2011-06-06,Summer,2011,Jun,Mon,Working Day,Clear,673,3875,4548
2011-06-07,Summer,2011,Jun,Tue,Working Day,Clear,763,4070,4833
2011-06-08,Summer,2011,Jun,Wed,Working Day,Clear,676,3725,4401
2011-06-09,Summer,2011,Jun,Thu,Working Day,Cloudy,563,3352,3915
2011-06-10,Summer,2011,Jun,Fri,Working Day,Clear,815,3771,4586
2011-06-11,Summer,2011,Jun,Sat,Weekend/Holiday,Clear,1729,3237,4966
2011-06-12,Summer,2011,Jun,Sun,Weekend/Holiday,Clear,1467,2993,4460
2011-06-13,Summer,2011,Jun,Mon,Working Day,Clear,863,4157,5020
2011-06-14,Summer,2011,Jun,Tue,Working Day,Clear,727,4164,4891
2011-06-15,Summer,2011,Jun,Wed,Working Day,Clear,769,4411,5180
2011-06-16,Summer,2011,Jun,Thu,Working Day,Cloudy,545,3222,3767
2011-06-17,Summer,2011,Jun,Fri,Working Day,Clear,863,3981,4844
2011-06-18,Summer,2011,Jun,Sat,Weekend/Holiday,Clear,1807,3312,5119
2011-06-19,Summer,2011,Jun,Sun,Weekend/Holiday,Cloudy,1639,3105,4744
2011-06-20,Summer,2011,Jun,Mon,Working Day,Cloudy,699,3311,4010
2011-06-21,Fall,2011,Jun,Tue,Working Day,Cloudy,774,4061,4835
2011-06-22,Fall,2011,Jun,Wed,Working Day,Clear,661,3846,4507
2011-06-23,Fall,2011,Jun,Thu,Working Day,Cloudy,746,4044,4790
2011-06-24,Fall,2011,Jun,Fri,Working Day,Clear,969,4022,4991
2011-06-25,Fall,2011,Jun,Sat,Weekend/Holiday,Clear,1782,3420,5202
2011-06-26,Fall,2011,Jun,Sun,Weekend/Holiday,Clear,1920,3385,5305
2011-06-27,Fall,2011,Jun,Mon,Working Day,Cloudy,854,3854,4708
2011-06-28,Fall,2011,Jun,Tue,Working Day,Clear,732,3916,4648
2011-06-29,Fall,2011,Jun,Wed,Working Day,Clear,848,4377,5225
2011-06-30,Fall,2011,Jun,Thu,Working Day,Clear,1027,4488,5515
2011-07-01,Fall,2011,Jul,Fri,Working Day,Clear,1246,4116,5362
2011-07-02,Fall,2011,Jul,Sat,Weekend/Holiday,Clear,2204,2915,5119
2011-07-03,Fall,2011,Jul,Sun,Weekend/Holiday,Cloudy,2282,2367,4649
2011-07-04,Fall,2011,Jul,Mon,Weekend/Holiday,Cloudy,3065,2978,6043
2011-07-05,Fall,2011,Jul,Tue,Working Day,Clear,1031,3634,4665
2011-07-06,Fall,2011,Jul,Wed,Working Day,Clear,784,3845,4629
2011-07-07,Fall,2011,Jul,Thu,Working Day,Clear,754,3838,4592
2011-07-08,Fall,2011,Jul,Fri,Working Day,Cloudy,692,3348,4040
2011-07-09,Fall,2011,Jul,Sat,Weekend/Holiday,Clear,1988,3348,5336
2011-07-10,Fall,2011,Jul,Sun,Weekend/Holiday,Clear,1743,3138,4881
2011-07-11,Fall,2011,Jul,Mon,Working Day,Clear,723,3363,4086
2011-07-12,Fall,2011,Jul,Tue,Working Day,Clear,662,3596,4258
2011-07-13,Fall,2011,Jul,Wed,Working Day,Clear,748,3594,4342
2011-07-14,Fall,2011,Jul,Thu,Working Day,Clear,888,4196,5084
2011-07-15,Fall,2011,Jul,Fri,Working Day,Clear,1318,4220,5538
2011-07-16,Fall,2011,Jul,Sat,Weekend/Holiday,Clear,2418,3505,5923
2011-07-17,Fall,2011,Jul,Sun,Weekend/Holiday,Clear,2006,3296,5302
2011-07-18,Fall,2011,Jul,Mon,Working Day,Clear,841,3617,4458
2011-07-19,Fall,2011,Jul,Tue,Working Day,Clear,752,3789,4541
2011-07-20,Fall,2011,Jul,Wed,Working Day,Clear,644,3688,4332
2011-07-21,Fall,2011,Jul,Thu,Working Day,Cloudy,632,3152,3784
2011-07-22,Fall,2011,Jul,Fri,Working Day,Clear,562,2825,3387
2011-07-23,Fall,2011,Jul,Sat,Weekend/Holiday,Clear,987,2298,3285
2011-07-24,Fall,2011,Jul,Sun,Weekend/Holiday,Clear,1050,2556,3606
2011-07-25,Fall,2011,Jul,Mon,Working Day,Clear,568,3272,3840
2011-07-26,Fall,2011,Jul,Tue,Working Day,Clear,750,3840,4590
2011-07-27,Fall,2011,Jul,Wed,Working Day,Clear,755,3901,4656
2011-07-28,Fall,2011,Jul,Thu,Working Day,Clear,606,3784,4390
2011-07-29,Fall,2011,Jul,Fri,Working Day,Clear,670,3176,3846
2011-07-30,Fall,2011,Jul,Sat,Weekend/Holiday,Clear,1559,2916,4475
2011-07-31,Fall,2011,Jul,Sun,Weekend/Holiday,Clear,1524,2778,4302
2011-08-01,Fall,2011,Aug,Mon,Working Day,Clear,729,3537,4266
2011-08-02,Fall,2011,Aug,Tue,Working Day,Clear,801,4044,4845
2011-08-03,Fall,2011,Aug,Wed,Working Day,Cloudy,467,3107,3574
2011-08-04,Fall,2011,Aug,Thu,Working Day,Cloudy,799,3777,4576
2011-08-05,Fall,2011,Aug,Fri,Working Day,Clear,1023,3843,4866
2011-08-06,Fall,2011,Aug,Sat,Weekend/Holiday,Cloudy,1521,2773,4294
2011-08-07,Fall,2011,Aug,Sun,Weekend/Holiday,Clear,1298,2487,3785
2011-08-08,Fall,2011,Aug,Mon,Working Day,Clear,846,3480,4326
2011-08-09,Fall,2011,Aug,Tue,Working Day,Clear,907,3695,4602
2011-08-10,Fall,2011,Aug,Wed,Working Day,Clear,884,3896,4780
2011-08-11,Fall,2011,Aug,Thu,Working Day,Clear,812,3980,4792
2011-08-12,Fall,2011,Aug,Fri,Working Day,Clear,1051,3854,4905
2011-08-13,Fall,2011,Aug,Sat,Weekend/Holiday,Cloudy,1504,2646,4150
2011-08-14,Fall,2011,Aug,Sun,Weekend/Holiday,Cloudy,1338,2482,3820
2011-08-15,Fall,2011,Aug,Mon,Working Day,Clear,775,3563,4338
2011-08-16,Fall,2011,Aug,Tue,Working Day,Clear,721,4004,4725
2011-08-17,Fall,2011,Aug,Wed,Working Day,Clear,668,4026,4694
2011-08-18,Fall,2011,Aug,Thu,Working Day,Clear,639,3166,3805
2011-08-19,Fall,2011,Aug,Fri,Working Day,Cloudy,797,3356,4153
2011-08-20,Fall,2011,Aug,Sat,Weekend/Holiday,Clear,1914,3277,5191
2011-08-21,Fall,2011,Aug,Sun,Weekend/Holiday,Clear,1249,2624,3873
2011-08-22,Fall,2011,Aug,Mon,Working Day,Clear,833,3925,4758
2011-08-23,Fall,2011,Aug,Tue,Working Day,Clear,1281,4614,5895
2011-08-24,Fall,2011,Aug,Wed,Working Day,Clear,949,4181,5130
2011-08-25,Fall,2011,Aug,Thu,Working Day,Cloudy,435,3107,3542
2011-08-26,Fall,2011,Aug,Fri,Working Day,Clear,768,3893,4661
2011-08-27,Fall,2011,Aug,Sat,Weekend/Holiday,Cloudy,226,889,1115
2011-08-28,Fall,2011,Aug,Sun,Weekend/Holiday,Clear,1415,2919,4334
2011-08-29,Fall,2011,Aug,Mon,Working Day,Clear,729,3905,4634
2011-08-30,Fall,2011,Aug,Tue,Working Day,Clear,775,4429,5204
2011-08-31,Fall,2011,Aug,Wed,Working Day,Clear,688,4370,5058
2011-09-01,Fall,2011,Sep,Thu,Working Day,Clear,783,4332,5115
2011-09-02,Fall,2011,Sep,Fri,Working Day,Cloudy,875,3852,4727
2011-09-03,Fall,2011,Sep,Sat,Weekend/Holiday,Clear,1935,2549,4484
2011-09-04,Fall,2011,Sep,Sun,Weekend/Holiday,Clear,2521,2419,4940
2011-09-05,Fall,2011,Sep,Mon,Weekend/Holiday,Cloudy,1236,2115,3351
2011-09-06,Fall,2011,Sep,Tue,Working Day,Light Snow/Rain,204,2506,2710
2011-09-07,Fall,2011,Sep,Wed,Working Day,Light Snow/Rain,118,1878,1996
2011-09-08,Fall,2011,Sep,Thu,Working Day,Light Snow/Rain,153,1689,1842
2011-09-09,Fall,2011,Sep,Fri,Working Day,Cloudy,417,3127,3544
2011-09-10,Fall,2011,Sep,Sat,Weekend/Holiday,Clear,1750,3595,5345
2011-09-11,Fall,2011,Sep,Sun,Weekend/Holiday,Clear,1633,3413,5046
2011-09-12,Fall,2011,Sep,Mon,Working Day,Clear,690,4023,4713
2011-09-13,Fall,2011,Sep,Tue,Working Day,Clear,701,4062,4763
2011-09-14,Fall,2011,Sep,Wed,Working Day,Clear,647,4138,4785
2011-09-15,Fall,2011,Sep,Thu,Working Day,Cloudy,428,3231,3659
2011-09-16,Fall,2011,Sep,Fri,Working Day,Cloudy,742,4018,4760
2011-09-17,Fall,2011,Sep,Sat,Weekend/Holiday,Cloudy,1434,3077,4511
2011-09-18,Fall,2011,Sep,Sun,Weekend/Holiday,Clear,1353,2921,4274
2011-09-19,Fall,2011,Sep,Mon,Working Day,Cloudy,691,3848,4539
2011-09-20,Fall,2011,Sep,Tue,Working Day,Cloudy,438,3203,3641
2011-09-21,Fall,2011,Sep,Wed,Working Day,Cloudy,539,3813,4352
2011-09-22,Fall,2011,Sep,Thu,Working Day,Cloudy,555,4240,4795
2011-09-23,Winter,2011,Sep,Fri,Working Day,Cloudy,258,2137,2395
2011-09-24,Winter,2011,Sep,Sat,Weekend/Holiday,Cloudy,1776,3647,5423
2011-09-25,Winter,2011,Sep,Sun,Weekend/Holiday,Cloudy,1544,3466,5010
2011-09-26,Winter,2011,Sep,Mon,Working Day,Cloudy,684,3946,4630
2011-09-27,Winter,2011,Sep,Tue,Working Day,Cloudy,477,3643,4120
2011-09-28,Winter,2011,Sep,Wed,Working Day,Cloudy,480,3427,3907
2011-09-29,Winter,2011,Sep,Thu,Working Day,Clear,653,4186,4839
2011-09-30,Winter,2011,Sep,Fri,Working Day,Clear,830,4372,5202
2011-10-01,Winter,2011,Oct,Sat,Weekend/Holiday,Cloudy,480,1949,2429
2011-10-02,Winter,2011,Oct,Sun,Weekend/Holiday,Cloudy,616,2302,2918
2011-10-03,Winter,2011,Oct,Mon,Working Day,Cloudy,330,3240,3570
2011-10-04,Winter,2011,Oct,Tue,Working Day,Clear,486,3970,4456
2011-10-05,Winter,2011,Oct,Wed,Working Day,Clear,559,4267,4826
2011-10-06,Winter,2011,Oct,Thu,Working Day,Clear,639,4126,4765
2011-10-07,Winter,2011,Oct,Fri,Working Day,Clear,949,4036,4985
2011-10-08,Winter,2011,Oct,Sat,Weekend/Holiday,Clear,2235,3174,5409
2011-10-09,Winter,2011,Oct,Sun,Weekend/Holiday,Clear,2397,3114,5511
2011-10-10,Winter,2011,Oct,Mon,Weekend/Holiday,Clear,1514,3603,5117
2011-10-11,Winter,2011,Oct,Tue,Working Day,Cloudy,667,3896,4563
2011-10-12,Winter,2011,Oct,Wed,Working Day,Light Snow/Rain,217,2199,2416
2011-10-13,Winter,2011,Oct,Thu,Working Day,Cloudy,290,2623,2913
2011-10-14,Winter,2011,Oct,Fri,Working Day,Cloudy,529,3115,3644
2011-10-15,Winter,2011,Oct,Sat,Weekend/Holiday,Clear,1899,3318,5217
2011-10-16,Winter,2011,Oct,Sun,Weekend/Holiday,Clear,1748,3293,5041
2011-10-17,Winter,2011,Oct,Mon,Working Day,Clear,713,3857,4570
2011-10-18,Winter,2011,Oct,Tue,Working Day,Cloudy,637,4111,4748
2011-10-19,Winter,2011,Oct,Wed,Working Day,Light Snow/Rain,254,2170,2424
2011-10-20,Winter,2011,Oct,Thu,Working Day,Clear,471,3724,4195
2011-10-21,Winter,2011,Oct,Fri,Working Day,Clear,676,3628,4304
2011-10-22,Winter,2011,Oct,Sat,Weekend/Holiday,Clear,1499,2809,4308
2011-10-23,Winter,2011,Oct,Sun,Weekend/Holiday,Clear,1619,2762,4381
2011-10-24,Winter,2011,Oct,Mon,Working Day,Clear,699,3488,4187
2011-10-25,Winter,2011,Oct,Tue,Working Day,Clear,695,3992,4687
2011-10-26,Winter,2011,Oct,Wed,Working Day,Cloudy,404,3490,3894
2011-10-27,Winter,2011,Oct,Thu,Working Day,Cloudy,240,2419,2659
2011-10-28,Winter,2011,Oct,Fri,Working Day,Cloudy,456,3291,3747
2011-10-29,Winter,2011,Oct,Sat,Weekend/Holiday,Light Snow/Rain,57,570,627
2011-10-30,Winter,2011,Oct,Sun,Weekend/Holiday,Clear,885,2446,3331
2011-10-31,Winter,2011,Oct,Mon,Working Day,Clear,362,3307,3669
2011-11-01,Winter,2011,Nov,Tue,Working Day,Clear,410,3658,4068
2011-11-02,Winter,2011,Nov,Wed,Working Day,Clear,370,3816,4186
2011-11-03,Winter,2011,Nov,Thu,Working Day,Clear,318,3656,3974
2011-11-04,Winter,2011,Nov,Fri,Working Day,Cloudy,470,3576,4046
2011-11-05,Winter,2011,Nov,Sat,Weekend/Holiday,Clear,1156,2770,3926
2011-11-06,Winter,2011,Nov,Sun,Weekend/Holiday,Clear,952,2697,3649
2011-11-07,Winter,2011,Nov,Mon,Working Day,Clear,373,3662,4035
2011-11-08,Winter,2011,Nov,Tue,Working Day,Clear,376,3829,4205
2011-11-09,Winter,2011,Nov,Wed,Working Day,Clear,305,3804,4109
2011-11-10,Winter,2011,Nov,Thu,Working Day,Cloudy,190,2743,2933
2011-11-11,Winter,2011,Nov,Fri,Weekend/Holiday,Clear,440,2928,3368
2011-11-12,Winter,2011,Nov,Sat,Weekend/Holiday,Clear,1275,2792,4067
2011-11-13,Winter,2011,Nov,Sun,Weekend/Holiday,Clear,1004,2713,3717
2011-11-14,Winter,2011,Nov,Mon,Working Day,Clear,595,3891,4486
2011-11-15,Winter,2011,Nov,Tue,Working Day,Cloudy,449,3746,4195
2011-11-16,Winter,2011,Nov,Wed,Working Day,Light Snow/Rain,145,1672,1817
2011-11-17,Winter,2011,Nov,Thu,Working Day,Cloudy,139,2914,3053
2011-11-18,Winter,2011,Nov,Fri,Working Day,Clear,245,3147,3392
2011-11-19,Winter,2011,Nov,Sat,Weekend/Holiday,Clear,943,2720,3663
2011-11-20,Winter,2011,Nov,Sun,Weekend/Holiday,Cloudy,787,2733,3520
2011-11-21,Winter,2011,Nov,Mon,Working Day,Light Snow/Rain,220,2545,2765
2011-11-22,Winter,2011,Nov,Tue,Working Day,Light Snow/Rain,69,1538,1607
2011-11-23,Winter,2011,Nov,Wed,Working Day,Cloudy,112,2454,2566
2011-11-24,Winter,2011,Nov,Thu,Weekend/Holiday,Clear,560,935,1495
2011-11-25,Winter,2011,Nov,Fri,Working Day,Clear,1095,1697,2792
2011-11-26,Winter,2011,Nov,Sat,Weekend/Holiday,Clear,1249,1819,3068
2011-11-27,Winter,2011,Nov,Sun,Weekend/Holiday,Clear,810,2261,3071
2011-11-28,Winter,2011,Nov,Mon,Working Day,Clear,253,3614,3867
2011-11-29,Winter,2011,Nov,Tue,Working Day,Cloudy,96,2818,2914
2011-11-30,Winter,2011,Nov,Wed,Working Day,Clear,188,3425,3613
2011-12-01,Winter,2011,Dec,Thu,Working Day,Clear,182,3545,3727
2011-12-02,Winter,2011,Dec,Fri,Working Day,Clear,268,3672,3940
2011-12-03,Winter,2011,Dec,Sat,Weekend/Holiday,Clear,706,2908,3614
2011-12-04,Winter,2011,Dec,Sun,Weekend/Holiday,Clear,634,2851,3485
2011-12-05,Winter,2011,Dec,Mon,Working Day,Cloudy,233,3578,3811
2011-12-06,Winter,2011,Dec,Tue,Working Day,Light Snow/Rain,126,2468,2594
2011-12-07,Winter,2011,Dec,Wed,Working Day,Light Snow/Rain,50,655,705
2011-12-08,Winter,2011,Dec,Thu,Working Day,Clear,150,3172,3322
2011-12-09,Winter,2011,Dec,Fri,Working Day,Clear,261,3359,3620
2011-12-10,Winter,2011,Dec,Sat,Weekend/Holiday,Clear,502,2688,3190
2011-12-11,Winter,2011,Dec,Sun,Weekend/Holiday,Clear,377,2366,2743
2011-12-12,Winter,2011,Dec,Mon,Working Day,Clear,143,3167,3310
2011-12-13,Winter,2011,Dec,Tue,Working Day,Clear,155,3368,3523
2011-12-14,Winter,2011,Dec,Wed,Working Day,Cloudy,178,3562,3740
2011-12-15,Winter,2011,Dec,Thu,Working Day,Cloudy,181,3528,3709
2011-12-16,Winter,2011,Dec,Fri,Working Day,Cloudy,178,3399,3577
2011-12-17,Winter,2011,Dec,Sat,Weekend/Holiday,Cloudy,275,2464,2739
2011-12-18,Winter,2011,Dec,Sun,Weekend/Holiday,Clear,220,2211,2431
2011-12-19,Winter,2011,Dec,Mon,Working Day,Clear,260,3143,3403
2011-12-20,Winter,2011,Dec,Tue,Working Day,Cloudy,216,3534,3750
2011-12-21,Spring,2011,Dec,Wed,Working Day,Cloudy,107,2553,2660
2011-12-22,Spring,2011,Dec,Thu,Working Day,Cloudy,227,2841,3068
2011-12-23,Spring,2011,Dec,Fri,Working Day,Clear,163,2046,2209
2011-12-24,Spring,2011,Dec,Sat,Weekend/Holiday,Clear,155,856,1011
2011-12-25,Spring,2011,Dec,Sun,Weekend/Holiday,Clear,303,451,754
2011-12-26,Spring,2011,Dec,Mon,Weekend/Holiday,Clear,430,887,1317
2011-12-27,Spring,2011,Dec,Tue,Working Day,Cloudy,103,1059,1162
2011-12-28,Spring,2011,Dec,Wed,Working Day,Clear,255,2047,2302
2011-12-29,Spring,2011,Dec,Thu,Working Day,Clear,254,2169,2423
2011-12-30,Spring,2011,Dec,Fri,Working Day,Clear,491,2508,2999
2011-12-31,Spring,2011,Dec,Sat,Weekend/Holiday,Clear,665,1820,2485
2012-01-01,Spring,2012,Jan,Sun,Weekend/Holiday,Clear,686,1608,2294
2012-01-02,Spring,2012,Jan,Mon,Weekend/Holiday,Clear,244,1707,1951
2012-01-03,Spring,2012,Jan,Tue,Working Day,Clear,89,2147,2236
2012-01-04,Spring,2012,Jan,Wed,Working Day,Cloudy,95,2273,2368
2012-01-05,Spring,2012,Jan,Thu,Working Day,Clear,140,3132,3272
2012-01-06,Spring,2012,Jan,Fri,Working Day,Clear,307,3791,4098
2012-01-07,Spring,2012,Jan,Sat,Weekend/Holiday,Clear,1070,3451,4521
2012-01-08,Spring,2012,Jan,Sun,Weekend/Holiday,Clear,599,2826,3425
2012-01-09,Spring,2012,Jan,Mon,Working Day,Cloudy,106,2270,2376
2012-01-10,Spring,2012,Jan,Tue,Working Day,Clear,173,3425,3598
2012-01-11,Spring,2012,Jan,Wed,Working Day,Cloudy,92,2085,2177
2012-01-12,Spring,2012,Jan,Thu,Working Day,Cloudy,269,3828,4097
2012-01-13,Spring,2012,Jan,Fri,Working Day,Clear,174,3040,3214
2012-01-14,Spring,2012,Jan,Sat,Weekend/Holiday,Clear,333,2160,2493
2012-01-15,Spring,2012,Jan,Sun,Weekend/Holiday,Clear,284,2027,2311
2012-01-16,Spring,2012,Jan,Mon,Weekend/Holiday,Clear,217,2081,2298
2012-01-17,Spring,2012,Jan,Tue,Working Day,Cloudy,127,2808,2935
2012-01-18,Spring,2012,Jan,Wed,Working Day,Clear,109,3267,3376
2012-01-19,Spring,2012,Jan,Thu,Working Day,Clear,130,3162,3292
2012-01-20,Spring,2012,Jan,Fri,Working Day,Cloudy,115,3048,3163
2012-01-21,Spring,2012,Jan,Sat,Weekend/Holiday,Cloudy,67,1234,1301
2012-01-22,Spring,2012,Jan,Sun,Weekend/Holiday,Cloudy,196,1781,1977
2012-01-23,Spring,2012,Jan,Mon,Working Day,Cloudy,145,2287,2432
2012-01-24,Spring,2012,Jan,Tue,Working Day,Clear,439,3900,4339
2012-01-25,Spring,2012,Jan,Wed,Working Day,Clear,467,3803,4270
2012-01-26,Spring,2012,Jan,Thu,Working Day,Cloudy,244,3831,4075
2012-01-27,Spring,2012,Jan,Fri,Working Day,Cloudy,269,3187,3456
2012-01-28,Spring,2012,Jan,Sat,Weekend/Holiday,Clear,775,3248,4023
2012-01-29,Spring,2012,Jan,Sun,Weekend/Holiday,Clear,558,2685,3243
2012-01-30,Spring,2012,Jan,Mon,Working Day,Clear,126,3498,3624
2012-01-31,Spring,2012,Jan,Tue,Working Day,Clear,324,4185,4509
2012-02-01,Spring,2012,Feb,Wed,Working Day,Clear,304,4275,4579
2012-02-02,Spring,2012,Feb,Thu,Working Day,Cloudy,190,3571,3761
2012-02-03,Spring,2012,Feb,Fri,Working Day,Clear,310,3841,4151
2012-02-04,Spring,2012,Feb,Sat,Weekend/Holiday,Cloudy,384,2448,2832
2012-02-05,Spring,2012,Feb,Sun,Weekend/Holiday,Cloudy,318,2629,2947
2012-02-06,Spring,2012,Feb,Mon,Working Day,Clear,206,3578,3784
2012-02-07,Spring,2012,Feb,Tue,Working Day,Clear,199,4176,4375
2012-02-08,Spring,2012,Feb,Wed,Working Day,Cloudy,109,2693,2802
2012-02-09,Spring,2012,Feb,Thu,Working Day,Clear,163,3667,3830
2012-02-10,Spring,2012,Feb,Fri,Working Day,Cloudy,227,3604,3831
2012-02-11,Spring,2012,Feb,Sat,Weekend/Holiday,Light Snow/Rain,192,1977,2169
2012-02-12,Spring,2012,Feb,Sun,Weekend/Holiday,Clear,73,1456,1529
2012-02-13,Spring,2012,Feb,Mon,Working Day,Clear,94,3328,3422
2012-02-14,Spring,2012,Feb,Tue,Working Day,Cloudy,135,3787,3922
2012-02-15,Spring,2012,Feb,Wed,Working Day,Clear,141,4028,4169
2012-02-16,Spring,2012,Feb,Thu,Working Day,Cloudy,74,2931,3005
2012-02-17,Spring,2012,Feb,Fri,Working Day,Clear,349,3805,4154
2012-02-18,Spring,2012,Feb,Sat,Weekend/Holiday,Clear,1435,2883,4318
2012-02-19,Spring,2012,Feb,Sun,Weekend/Holiday,Cloudy,618,2071,2689
2012-02-20,Spring,2012,Feb,Mon,Weekend/Holiday,Clear,502,2627,3129
2012-02-21,Spring,2012,Feb,Tue,Working Day,Clear,163,3614,3777
2012-02-22,Spring,2012,Feb,Wed,Working Day,Clear,394,4379,4773
2012-02-23,Spring,2012,Feb,Thu,Working Day,Clear,516,4546,5062
2012-02-24,Spring,2012,Feb,Fri,Working Day,Cloudy,246,3241,3487
2012-02-25,Spring,2012,Feb,Sat,Weekend/Holiday,Clear,317,2415,2732
2012-02-26,Spring,2012,Feb,Sun,Weekend/Holiday,Clear,515,2874,3389
2012-02-27,Spring,2012,Feb,Mon,Working Day,Clear,253,4069,4322
2012-02-28,Spring,2012,Feb,Tue,Working Day,Clear,229,4134,4363
2012-02-29,Spring,2012,Feb,Wed,Working Day,Cloudy,65,1769,1834
2012-03-01,Spring,2012,Mar,Thu,Working Day,Clear,325,4665,4990
2012-03-02,Spring,2012,Mar,Fri,Working Day,Cloudy,246,2948,3194
2012-03-03,Spring,2012,Mar,Sat,Weekend/Holiday,Cloudy,956,3110,4066
2012-03-04,Spring,2012,Mar,Sun,Weekend/Holiday,Clear,710,2713,3423
2012-03-05,Spring,2012,Mar,Mon,Working Day,Clear,203,3130,3333
2012-03-06,Spring,2012,Mar,Tue,Working Day,Clear,221,3735,3956
2012-03-07,Spring,2012,Mar,Wed,Working Day,Clear,432,4484,4916
2012-03-08,Spring,2012,Mar,Thu,Working Day,Clear,486,4896,5382
2012-03-09,Spring,2012,Mar,Fri,Working Day,Cloudy,447,4122,4569
2012-03-10,Spring,2012,Mar,Sat,Weekend/Holiday,Clear,968,3150,4118
2012-03-11,Spring,2012,Mar,Sun,Weekend/Holiday,Clear,1658,3253,4911
2012-03-12,Spring,2012,Mar,Mon,Working Day,Clear,838,4460,5298
2012-03-13,Spring,2012,Mar,Tue,Working Day,Clear,762,5085,5847
2012-03-14,Spring,2012,Mar,Wed,Working Day,Clear,997,5315,6312
2012-03-15,Spring,2012,Mar,Thu,Working Day,Clear,1005,5187,6192
2012-03-16,Spring,2012,Mar,Fri,Working Day,Cloudy,548,3830,4378
2012-03-17,Spring,2012,Mar,Sat,Weekend/Holiday,Cloudy,3155,4681,7836
2012-03-18,Spring,2012,Mar,Sun,Weekend/Holiday,Cloudy,2207,3685,5892
2012-03-19,Spring,2012,Mar,Mon,Working Day,Clear,982,5171,6153
2012-03-20,Spring,2012,Mar,Tue,Working Day,Clear,1051,5042,6093
2012-03-21,Summer,2012,Mar,Wed,Working Day,Cloudy,1122,5108,6230
2012-03-22,Summer,2012,Mar,Thu,Working Day,Clear,1334,5537,6871
2012-03-23,Summer,2012,Mar,Fri,Working Day,Cloudy,2469,5893,8362
2012-03-24,Summer,2012,Mar,Sat,Weekend/Holiday,Cloudy,1033,2339,3372
2012-03-25,Summer,2012,Mar,Sun,Weekend/Holiday,Cloudy,1532,3464,4996
2012-03-26,Summer,2012,Mar,Mon,Working Day,Clear,795,4763,5558
2012-03-27,Summer,2012,Mar,Tue,Working Day,Clear,531,4571,5102
2012-03-28,Summer,2012,Mar,Wed,Working Day,Clear,674,5024,5698
2012-03-29,Summer,2012,Mar,Thu,Working Day,Clear,834,5299,6133
2012-03-30,Summer,2012,Mar,Fri,Working Day,Cloudy,796,4663,5459
2012-03-31,Summer,2012,Mar,Sat,Weekend/Holiday,Cloudy,2301,3934,6235
2012-04-01,Summer,2012,Apr,Sun,Weekend/Holiday,Cloudy,2347,3694,6041
2012-04-02,Summer,2012,Apr,Mon,Working Day,Clear,1208,4728,5936
2012-04-03,Summer,2012,Apr,Tue,Working Day,Clear,1348,5424,6772
2012-04-04,Summer,2012,Apr,Wed,Working Day,Clear,1058,5378,6436
2012-04-05,Summer,2012,Apr,Thu,Working Day,Clear,1192,5265,6457
2012-04-06,Summer,2012,Apr,Fri,Working Day,Clear,1807,4653,6460
2012-04-07,Summer,2012,Apr,Sat,Weekend/Holiday,Clear,3252,3605,6857
2012-04-08,Summer,2012,Apr,Sun,Weekend/Holiday,Clear,2230,2939,5169
2012-04-09,Summer,2012,Apr,Mon,Working Day,Clear,905,4680,5585
2012-04-10,Summer,2012,Apr,Tue,Working Day,Clear,819,5099,5918
2012-04-11,Summer,2012,Apr,Wed,Working Day,Clear,482,4380,4862
2012-04-12,Summer,2012,Apr,Thu,Working Day,Clear,663,4746,5409
2012-04-13,Summer,2012,Apr,Fri,Working Day,Clear,1252,5146,6398
2012-04-14,Summer,2012,Apr,Sat,Weekend/Holiday,Clear,2795,4665,7460
2012-04-15,Summer,2012,Apr,Sun,Weekend/Holiday,Clear,2846,4286,7132
2012-04-16,Summer,2012,Apr,Mon,Weekend/Holiday,Clear,1198,5172,6370
2012-04-17,Summer,2012,Apr,Tue,Working Day,Clear,989,5702,6691
2012-04-18,Summer,2012,Apr,Wed,Working Day,Cloudy,347,4020,4367
2012-04-19,Summer,2012,Apr,Thu,Working Day,Clear,846,5719,6565
2012-04-20,Summer,2012,Apr,Fri,Working Day,Clear,1340,5950,7290
2012-04-21,Summer,2012,Apr,Sat,Weekend/Holiday,Clear,2541,4083,6624
2012-04-22,Summer,2012,Apr,Sun,Weekend/Holiday,Light Snow/Rain,120,907,1027
2012-04-23,Summer,2012,Apr,Mon,Working Day,Cloudy,195,3019,3214
2012-04-24,Summer,2012,Apr,Tue,Working Day,Clear,518,5115,5633
2012-04-25,Summer,2012,Apr,Wed,Working Day,Clear,655,5541,6196
2012-04-26,Summer,2012,Apr,Thu,Working Day,Cloudy,475,4551,5026
2012-04-27,Summer,2012,Apr,Fri,Working Day,Clear,1014,5219,6233
2012-04-28,Summer,2012,Apr,Sat,Weekend/Holiday,Cloudy,1120,3100,4220
2012-04-29,Summer,2012,Apr,Sun,Weekend/Holiday,Clear,2229,4075,6304
2012-04-30,Summer,2012,Apr,Mon,Working Day,Cloudy,665,4907,5572
2012-05-01,Summer,2012,May,Tue,Working Day,Cloudy,653,5087,5740
2012-05-02,Summer,2012,May,Wed,Working Day,Clear,667,5502,6169
2012-05-03,Summer,2012,May,Thu,Working Day,Cloudy,764,5657,6421
2012-05-04,Summer,2012,May,Fri,Working Day,Clear,1069,5227,6296
2012-05-05,Summer,2012,May,Sat,Weekend/Holiday,Cloudy,2496,4387,6883
2012-05-06,Summer,2012,May,Sun,Weekend/Holiday,Cloudy,2135,4224,6359
2012-05-07,Summer,2012,May,Mon,Working Day,Cloudy,1008,5265,6273
2012-05-08,Summer,2012,May,Tue,Working Day,Cloudy,738,4990,5728
2012-05-09,Summer,2012,May,Wed,Working Day,Cloudy,620,4097,4717
2012-05-10,Summer,2012,May,Thu,Working Day,Clear,1026,5546,6572
2012-05-11,Summer,2012,May,Fri,Working Day,Clear,1319,5711,7030
2012-05-12,Summer,2012,May,Sat,Weekend/Holiday,Clear,2622,4807,7429
2012-05-13,Summer,2012,May,Sun,Weekend/Holiday,Clear,2172,3946,6118
2012-05-14,Summer,2012,May,Mon,Working Day,Cloudy,342,2501,2843
2012-05-15,Summer,2012,May,Tue,Working Day,Cloudy,625,4490,5115
2012-05-16,Summer,2012,May,Wed,Working Day,Clear,991,6433,7424
2012-05-17,Summer,2012,May,Thu,Working Day,Clear,1242,6142,7384
2012-05-18,Summer,2012,May,Fri,Working Day,Clear,1521,6118,7639
2012-05-19,Summer,2012,May,Sat,Weekend/Holiday,Clear,3410,4884,8294
2012-05-20,Summer,2012,May,Sun,Weekend/Holiday,Clear,2704,4425,7129
2012-05-21,Summer,2012,May,Mon,Working Day,Cloudy,630,3729,4359
2012-05-22,Summer,2012,May,Tue,Working Day,Cloudy,819,5254,6073
2012-05-23,Summer,2012,May,Wed,Working Day,Cloudy,766,4494,5260
2012-05-24,Summer,2012,May,Thu,Working Day,Clear,1059,5711,6770
2012-05-25,Summer,2012,May,Fri,Working Day,Clear,1417,5317,6734
2012-05-26,Summer,2012,May,Sat,Weekend/Holiday,Clear,2855,3681,6536
2012-05-27,Summer,2012,May,Sun,Weekend/Holiday,Clear,3283,3308,6591
2012-05-28,Summer,2012,May,Mon,Weekend/Holiday,Clear,2557,3486,6043
2012-05-29,Summer,2012,May,Tue,Working Day,Clear,880,4863,5743
2012-05-30,Summer,2012,May,Wed,Working Day,Cloudy,745,6110,6855
2012-05-31,Summer,2012,May,Thu,Working Day,Clear,1100,6238,7338
2012-06-01,Summer,2012,Jun,Fri,Working Day,Cloudy,533,3594,4127
2012-06-02,Summer,2012,Jun,Sat,Weekend/Holiday,Clear,2795,5325,8120
2012-06-03,Summer,2012,Jun,Sun,Weekend/Holiday,Clear,2494,5147,7641
2012-06-04,Summer,2012,Jun,Mon,Working Day,Clear,1071,5927,6998
2012-06-05,Summer,2012,Jun,Tue,Working Day,Cloudy,968,6033,7001
2012-06-06,Summer,2012,Jun,Wed,Working Day,Clear,1027,6028,7055
2012-06-07,Summer,2012,Jun,Thu,Working Day,Clear,1038,6456,7494
2012-06-08,Summer,2012,Jun,Fri,Working Day,Clear,1488,6248,7736
2012-06-09,Summer,2012,Jun,Sat,Weekend/Holiday,Clear,2708,4790,7498
2012-06-10,Summer,2012,Jun,Sun,Weekend/Holiday,Clear,2224,4374,6598
2012-06-11,Summer,2012,Jun,Mon,Working Day,Cloudy,1017,5647,6664
2012-06-12,Summer,2012,Jun,Tue,Working Day,Cloudy,477,4495,4972
2012-06-13,Summer,2012,Jun,Wed,Working Day,Clear,1173,6248,7421
2012-06-14,Summer,2012,Jun,Thu,Working Day,Clear,1180,6183,7363
2012-06-15,Summer,2012,Jun,Fri,Working Day,Clear,1563,6102,7665
2012-06-16,Summer,2012,Jun,Sat,Weekend/Holiday,Clear,2963,4739,7702
2012-06-17,Summer,2012,Jun,Sun,Weekend/Holiday,Clear,2634,4344,6978
2012-06-18,Summer,2012,Jun,Mon,Working Day,Cloudy,653,4446,5099
2012-06-19,Summer,2012,Jun,Tue,Working Day,Clear,968,5857,6825
2012-06-20,Summer,2012,Jun,Wed,Working Day,Clear,872,5339,6211
2012-06-21,Fall,2012,Jun,Thu,Working Day,Clear,778,5127,5905
2012-06-22,Fall,2012,Jun,Fri,Working Day,Clear,964,4859,5823
2012-06-23,Fall,2012,Jun,Sat,Weekend/Holiday,Clear,2657,4801,7458
2012-06-24,Fall,2012,Jun,Sun,Weekend/Holiday,Clear,2551,4340,6891
2012-06-25,Fall,2012,Jun,Mon,Working Day,Clear,1139,5640,6779
2012-06-26,Fall,2012,Jun,Tue,Working Day,Clear,1077,6365,7442
2012-06-27,Fall,2012,Jun,Wed,Working Day,Clear,1077,6258,7335
2012-06-28,Fall,2012,Jun,Thu,Working Day,Clear,921,5958,6879
2012-06-29,Fall,2012,Jun,Fri,Working Day,Clear,829,4634,5463
2012-06-30,Fall,2012,Jun,Sat,Weekend/Holiday,Clear,1455,4232,5687
2012-07-01,Fall,2012,Jul,Sun,Weekend/Holiday,Clear,1421,4110,5531
2012-07-02,Fall,2012,Jul,Mon,Working Day,Clear,904,5323,6227
2012-07-03,Fall,2012,Jul,Tue,Working Day,Clear,1052,5608,6660
2012-07-04,Fall,2012,Jul,Wed,Weekend/Holiday,Clear,2562,4841,7403
2012-07-05,Fall,2012,Jul,Thu,Working Day,Clear,1405,4836,6241
2012-07-06,Fall,2012,Jul,Fri,Working Day,Clear,1366,4841,6207
2012-07-07,Fall,2012,Jul,Sat,Weekend/Holiday,Clear,1448,3392,4840
2012-07-08,Fall,2012,Jul,Sun,Weekend/Holiday,Clear,1203,3469,4672
2012-07-09,Fall,2012,Jul,Mon,Working Day,Cloudy,998,5571,6569
2012-07-10,Fall,2012,Jul,Tue,Working Day,Cloudy,954,5336,6290
2012-07-11,Fall,2012,Jul,Wed,Working Day,Clear,975,6289,7264
2012-07-12,Fall,2012,Jul,Thu,Working Day,Clear,1032,6414,7446
2012-07-13,Fall,2012,Jul,Fri,Working Day,Cloudy,1511,5988,7499
2012-07-14,Fall,2012,Jul,Sat,Weekend/Holiday,Cloudy,2355,4614,6969
2012-07-15,Fall,2012,Jul,Sun,Weekend/Holiday,Clear,1920,4111,6031
2012-07-16,Fall,2012,Jul,Mon,Working Day,Clear,1088,5742,6830
2012-07-17,Fall,2012,Jul,Tue,Working Day,Clear,921,5865,6786
2012-07-18,Fall,2012,Jul,Wed,Working Day,Clear,799,4914,5713
2012-07-19,Fall,2012,Jul,Thu,Working Day,Clear,888,5703,6591
2012-07-20,Fall,2012,Jul,Fri,Working Day,Cloudy,747,5123,5870
2012-07-21,Fall,2012,Jul,Sat,Weekend/Holiday,Light Snow/Rain,1264,3195,4459
2012-07-22,Fall,2012,Jul,Sun,Weekend/Holiday,Cloudy,2544,4866,7410
2012-07-23,Fall,2012,Jul,Mon,Working Day,Clear,1135,5831,6966
2012-07-24,Fall,2012,Jul,Tue,Working Day,Clear,1140,6452,7592
2012-07-25,Fall,2012,Jul,Wed,Working Day,Clear,1383,6790,8173
2012-07-26,Fall,2012,Jul,Thu,Working Day,Clear,1036,5825,6861
2012-07-27,Fall,2012,Jul,Fri,Working Day,Clear,1259,5645,6904
2012-07-28,Fall,2012,Jul,Sat,Weekend/Holiday,Clear,2234,4451,6685
2012-07-29,Fall,2012,Jul,Sun,Weekend/Holiday,Clear,2153,4444,6597
2012-07-30,Fall,2012,Jul,Mon,Working Day,Clear,1040,6065,7105
2012-07-31,Fall,2012,Jul,Tue,Working Day,Clear,968,6248,7216
2012-08-01,Fall,2012,Aug,Wed,Working Day,Clear,1074,6506,7580
2012-08-02,Fall,2012,Aug,Thu,Working Day,Clear,983,6278,7261
2012-08-03,Fall,2012,Aug,Fri,Working Day,Cloudy,1328,5847,7175
2012-08-04,Fall,2012,Aug,Sat,Weekend/Holiday,Clear,2345,4479,6824
2012-08-05,Fall,2012,Aug,Sun,Weekend/Holiday,Clear,1707,3757,5464
2012-08-06,Fall,2012,Aug,Mon,Working Day,Cloudy,1233,5780,7013
2012-08-07,Fall,2012,Aug,Tue,Working Day,Cloudy,1278,5995,7273
2012-08-08,Fall,2012,Aug,Wed,Working Day,Cloudy,1263,6271,7534
2012-08-09,Fall,2012,Aug,Thu,Working Day,Clear,1196,6090,7286
2012-08-10,Fall,2012,Aug,Fri,Working Day,Cloudy,1065,4721,5786
2012-08-11,Fall,2012,Aug,Sat,Weekend/Holiday,Cloudy,2247,4052,6299
2012-08-12,Fall,2012,Aug,Sun,Weekend/Holiday,Clear,2182,4362,6544
2012-08-13,Fall,2012,Aug,Mon,Working Day,Clear,1207,5676,6883
2012-08-14,Fall,2012,Aug,Tue,Working Day,Clear,1128,5656,6784
2012-08-15,Fall,2012,Aug,Wed,Working Day,Clear,1198,6149,7347
2012-08-16,Fall,2012,Aug,Thu,Working Day,Clear,1338,6267,7605
2012-08-17,Fall,2012,Aug,Fri,Working Day,Clear,1483,5665,7148
2012-08-18,Fall,2012,Aug,Sat,Weekend/Holiday,Clear,2827,5038,7865
2012-08-19,Fall,2012,Aug,Sun,Weekend/Holiday,Cloudy,1208,3341,4549
2012-08-20,Fall,2012,Aug,Mon,Working Day,Cloudy,1026,5504,6530
2012-08-21,Fall,2012,Aug,Tue,Working Day,Clear,1081,5925,7006
2012-08-22,Fall,2012,Aug,Wed,Working Day,Clear,1094,6281,7375
2012-08-23,Fall,2012,Aug,Thu,Working Day,Clear,1363,6402,7765
2012-08-24,Fall,2012,Aug,Fri,Working Day,Cloudy,1325,6257,7582
2012-08-25,Fall,2012,Aug,Sat,Weekend/Holiday,Cloudy,1829,4224,6053
2012-08-26,Fall,2012,Aug,Sun,Weekend/Holiday,Cloudy,1483,3772,5255
2012-08-27,Fall,2012,Aug,Mon,Working Day,Clear,989,5928,6917
2012-08-28,Fall,2012,Aug,Tue,Working Day,Clear,935,6105,7040
2012-08-29,Fall,2012,Aug,Wed,Working Day,Clear,1177,6520,7697
2012-08-30,Fall,2012,Aug,Thu,Working Day,Clear,1172,6541,7713
2012-08-31,Fall,2012,Aug,Fri,Working Day,Clear,1433,5917,7350
2012-09-01,Fall,2012,Sep,Sat,Weekend/Holiday,Cloudy,2352,3788,6140
2012-09-02,Fall,2012,Sep,Sun,Weekend/Holiday,Cloudy,2613,3197,5810
2012-09-03,Fall,2012,Sep,Mon,Weekend/Holiday,Clear,1965,4069,6034
2012-09-04,Fall,2012,Sep,Tue,Working Day,Clear,867,5997,6864
2012-09-05,Fall,2012,Sep,Wed,Working Day,Clear,832,6280,7112
2012-09-06,Fall,2012,Sep,Thu,Working Day,Cloudy,611,5592,6203
2012-09-07,Fall,2012,Sep,Fri,Working Day,Clear,1045,6459,7504
2012-09-08,Fall,2012,Sep,Sat,Weekend/Holiday,Cloudy,1557,4419,5976
2012-09-09,Fall,2012,Sep,Sun,Weekend/Holiday,Clear,2570,5657,8227
2012-09-10,Fall,2012,Sep,Mon,Working Day,Clear,1118,6407,7525
2012-09-11,Fall,2012,Sep,Tue,Working Day,Clear,1070,6697,7767
2012-09-12,Fall,2012,Sep,Wed,Working Day,Clear,1050,6820,7870
2012-09-13,Fall,2012,Sep,Thu,Working Day,Clear,1054,6750,7804
2012-09-14,Fall,2012,Sep,Fri,Working Day,Clear,1379,6630,8009
2012-09-15,Fall,2012,Sep,Sat,Weekend/Holiday,Clear,3160,5554,8714
2012-09-16,Fall,2012,Sep,Sun,Weekend/Holiday,Clear,2166,5167,7333
2012-09-17,Fall,2012,Sep,Mon,Working Day,Cloudy,1022,5847,6869
2012-09-18,Fall,2012,Sep,Tue,Working Day,Cloudy,371,3702,4073
2012-09-19,Fall,2012,Sep,Wed,Working Day,Clear,788,6803,7591
2012-09-20,Fall,2012,Sep,Thu,Working Day,Clear,939,6781,7720
2012-09-21,Fall,2012,Sep,Fri,Working Day,Clear,1250,6917,8167
2012-09-22,Fall,2012,Sep,Sat,Weekend/Holiday,Clear,2512,5883,8395
2012-09-23,Winter,2012,Sep,Sun,Weekend/Holiday,Clear,2454,5453,7907
2012-09-24,Winter,2012,Sep,Mon,Working Day,Clear,1001,6435,7436
2012-09-25,Winter,2012,Sep,Tue,Working Day,Clear,845,6693,7538
2012-09-26,Winter,2012,Sep,Wed,Working Day,Clear,787,6946,7733
2012-09-27,Winter,2012,Sep,Thu,Working Day,Cloudy,751,6642,7393
2012-09-28,Winter,2012,Sep,Fri,Working Day,Cloudy,1045,6370,7415
2012-09-29,Winter,2012,Sep,Sat,Weekend/Holiday,Clear,2589,5966,8555
2012-09-30,Winter,2012,Sep,Sun,Weekend/Holiday,Clear,2015,4874,6889
2012-10-01,Winter,2012,Oct,Mon,Working Day,Cloudy,763,6015,6778
2012-10-02,Winter,2012,Oct,Tue,Working Day,Light Snow/Rain,315,4324,4639
2012-10-03,Winter,2012,Oct,Wed,Working Day,Cloudy,728,6844,7572
2012-10-04,Winter,2012,Oct,Thu,Working Day,Cloudy,891,6437,7328
2012-10-05,Winter,2012,Oct,Fri,Working Day,Clear,1516,6640,8156
2012-10-06,Winter,2012,Oct,Sat,Weekend/Holiday,Clear,3031,4934,7965
2012-10-07,Winter,2012,Oct,Sun,Weekend/Holiday,Cloudy,781,2729,3510
2012-10-08,Winter,2012,Oct,Mon,Weekend/Holiday,Cloudy,874,4604,5478
2012-10-09,Winter,2012,Oct,Tue,Working Day,Cloudy,601,5791,6392
2012-10-10,Winter,2012,Oct,Wed,Working Day,Clear,780,6911,7691
2012-10-11,Winter,2012,Oct,Thu,Working Day,Clear,834,6736,7570
2012-10-12,Winter,2012,Oct,Fri,Working Day,Clear,1060,6222,7282
2012-10-13,Winter,2012,Oct,Sat,Weekend/Holiday,Clear,2252,4857,7109
2012-10-14,Winter,2012,Oct,Sun,Weekend/Holiday,Clear,2080,4559,6639
2012-10-15,Winter,2012,Oct,Mon,Working Day,Cloudy,760,5115,5875
2012-10-16,Winter,2012,Oct,Tue,Working Day,Clear,922,6612,7534
2012-10-17,Winter,2012,Oct,Wed,Working Day,Clear,979,6482,7461
2012-10-18,Winter,2012,Oct,Thu,Working Day,Cloudy,1008,6501,7509
2012-10-19,Winter,2012,Oct,Fri,Working Day,Cloudy,753,4671,5424
2012-10-20,Winter,2012,Oct,Sat,Weekend/Holiday,Clear,2806,5284,8090
2012-10-21,Winter,2012,Oct,Sun,Weekend/Holiday,Clear,2132,4692,6824
2012-10-22,Winter,2012,Oct,Mon,Working Day,Clear,830,6228,7058
2012-10-23,Winter,2012,Oct,Tue,Working Day,Clear,841,6625,7466
2012-10-24,Winter,2012,Oct,Wed,Working Day,Clear,795,6898,7693
2012-10-25,Winter,2012,Oct,Thu,Working Day,Cloudy,875,6484,7359
2012-10-26,Winter,2012,Oct,Fri,Working Day,Cloudy,1182,6262,7444
2012-10-27,Winter,2012,Oct,Sat,Weekend/Holiday,Cloudy,2643,5209,7852
2012-10-28,Winter,2012,Oct,Sun,Weekend/Holiday,Cloudy,998,3461,4459
2012-10-29,Winter,2012,Oct,Mon,Working Day,Light Snow/Rain,2,20,22
2012-10-30,Winter,2012,Oct,Tue,Working Day,Cloudy,87,1009,1096
2012-10-31,Winter,2012,Oct,Wed,Working Day,Cloudy,419,5147,5566
2012-11-01,Winter,2012,Nov,Thu,Working Day,Cloudy,466,5520,5986
2012-11-02,Winter,2012,Nov,Fri,Working Day,Clear,618,5229,5847
2012-11-03,Winter,2012,Nov,Sat,Weekend/Holiday,Cloudy,1029,4109,5138
2012-11-04,Winter,2012,Nov,Sun,Weekend/Holiday,Clear,1201,3906,5107
2012-11-05,Winter,2012,Nov,Mon,Working Day,Clear,378,4881,5259
2012-11-06,Winter,2012,Nov,Tue,Working Day,Clear,466,5220,5686
2012-11-07,Winter,2012,Nov,Wed,Working Day,Cloudy,326,4709,5035
2012-11-08,Winter,2012,Nov,Thu,Working Day,Clear,340,4975,5315
2012-11-09,Winter,2012,Nov,Fri,Working Day,Clear,709,5283,5992
2012-11-10,Winter,2012,Nov,Sat,Weekend/Holiday,Clear,2090,4446,6536
2012-11-11,Winter,2012,Nov,Sun,Weekend/Holiday,Clear,2290,4562,6852
2012-11-12,Winter,2012,Nov,Mon,Weekend/Holiday,Clear,1097,5172,6269
2012-11-13,Winter,2012,Nov,Tue,Working Day,Cloudy,327,3767,4094
2012-11-14,Winter,2012,Nov,Wed,Working Day,Clear,373,5122,5495
2012-11-15,Winter,2012,Nov,Thu,Working Day,Cloudy,320,5125,5445
2012-11-16,Winter,2012,Nov,Fri,Working Day,Clear,484,5214,5698
2012-11-17,Winter,2012,Nov,Sat,Weekend/Holiday,Clear,1313,4316,5629
2012-11-18,Winter,2012,Nov,Sun,Weekend/Holiday,Clear,922,3747,4669
2012-11-19,Winter,2012,Nov,Mon,Working Day,Cloudy,449,5050,5499
2012-11-20,Winter,2012,Nov,Tue,Working Day,Cloudy,534,5100,5634
2012-11-21,Winter,2012,Nov,Wed,Working Day,Clear,615,4531,5146
2012-11-22,Winter,2012,Nov,Thu,Weekend/Holiday,Clear,955,1470,2425
2012-11-23,Winter,2012,Nov,Fri,Working Day,Clear,1603,2307,3910
2012-11-24,Winter,2012,Nov,Sat,Weekend/Holiday,Clear,532,1745,2277
2012-11-25,Winter,2012,Nov,Sun,Weekend/Holiday,Clear,309,2115,2424
2012-11-26,Winter,2012,Nov,Mon,Working Day,Clear,337,4750,5087
2012-11-27,Winter,2012,Nov,Tue,Working Day,Cloudy,123,3836,3959
2012-11-28,Winter,2012,Nov,Wed,Working Day,Clear,198,5062,5260
2012-11-29,Winter,2012,Nov,Thu,Working Day,Clear,243,5080,5323
2012-11-30,Winter,2012,Nov,Fri,Working Day,Clear,362,5306,5668
2012-12-01,Winter,2012,Dec,Sat,Weekend/Holiday,Cloudy,951,4240,5191
2012-12-02,Winter,2012,Dec,Sun,Weekend/Holiday,Cloudy,892,3757,4649
2012-12-03,Winter,2012,Dec,Mon,Working Day,Clear,555,5679,6234
2012-12-04,Winter,2012,Dec,Tue,Working Day,Clear,551,6055,6606
2012-12-05,Winter,2012,Dec,Wed,Working Day,Clear,331,5398,5729
2012-12-06,Winter,2012,Dec,Thu,Working Day,Clear,340,5035,5375
2012-12-07,Winter,2012,Dec,Fri,Working Day,Cloudy,349,4659,5008
2012-12-08,Winter,2012,Dec,Sat,Weekend/Holiday,Cloudy,1153,4429,5582
2012-12-09,Winter,2012,Dec,Sun,Weekend/Holiday,Cloudy,441,2787,3228
2012-12-10,Winter,2012,Dec,Mon,Working Day,Cloudy,329,4841,5170
2012-12-11,Winter,2012,Dec,Tue,Working Day,Cloudy,282,5219,5501
2012-12-12,Winter,2012,Dec,Wed,Working Day,Cloudy,310,5009,5319
2012-12-13,Winter,2012,Dec,Thu,Working Day,Clear,425,5107,5532
2012-12-14,Winter,2012,Dec,Fri,Working Day,Clear,429,5182,5611
2012-12-15,Winter,2012,Dec,Sat,Weekend/Holiday,Clear,767,4280,5047
2012-12-16,Winter,2012,Dec,Sun,Weekend/Holiday,Cloudy,538,3248,3786
2012-12-17,Winter,2012,Dec,Mon,Working Day,Cloudy,212,4373,4585
2012-12-18,Winter,2012,Dec,Tue,Working Day,Clear,433,5124,5557
2012-12-19,Winter,2012,Dec,Wed,Working Day,Clear,333,4934,5267
2012-12-20,Winter,2012,Dec,Thu,Working Day,Cloudy,314,3814,4128
2012-12-21,Spring,2012,Dec,Fri,Working Day,Cloudy,221,3402,3623
2012-12-22,Spring,2012,Dec,Sat,Weekend/Holiday,Clear,205,1544,1749
2012-12-23,Spring,2012,Dec,Sun,Weekend/Holiday,Clear,408,1379,1787
2012-12-24,Spring,2012,Dec,Mon,Working Day,Cloudy,174,746,920
2012-12-25,Spring,2012,Dec,Tue,Weekend/Holiday,Cloudy,440,573,1013
2012-12-26,Spring,2012,Dec,Wed,Working Day,Light Snow/Rain,9,432,441
2012-12-27,Spring,2012,Dec,Thu,Working Day,Cloudy,247,1867,2114
2012-12-28,Spring,2012,Dec,Fri,Working Day,Cloudy,644,2451,3095
2012-12-29,Spring,2012,Dec,Sat,Weekend/Holiday,Cloudy,159,1182,1341
2012-12-30,Spring,2012,Dec,Sun,Weekend/Holiday,Clear,364,1432,1796
2012-12-31,Spring,2012,Dec,Mon,Working Day,Cloudy,439,2290,2729
